{
    "АТВ <+> Дравиньи  Белое Полусладкое 0,75": 9.741001518043332,
    "АТВ <+> Дравиньи  Белое Экстра брют 0,75": 19.532975314597447,
    "АТВ <+> РШ  Белое Брют 0,2": 19.67387045058248,
    "АТВ <+> Дравиньи  Белое Брют 0,75": 46.21235501098082,
    "АТВ <+> РШ  Белое Полусухое 0,75": 18.47104188220754,
    "АДКМ <+> Дравиньи  Белое Брют 0,75": 25.180921978565795,
    "АТВ <+> РШ  Розовое Полусухое 0,75": 17.54768150839293,
    "АТВ <+> РШ  Розовое Полусухое 0,2": 73.37184655294536,
    "АТВ <+> Дравиньи  Розовое Брют 0,75": 13.203946622645775,
    "АТВ <+> Дравиньи  Красное Полусладкое 0,75": 18.598221461175108,
    "АТВ <+> РШ  Белое Полусладкое 0,75": 17.822209684116775,
    "АТВ <+> РШ  Красное Полусладкое 0,75": 8.439561824940398,
    "АТВ <+> Дравиньи  Белое Полусухое 0,75": 11.16669365747371,
    "АТВ <+> РШ  Белое Брют 0,75": 10.94580821889051,
    "ЦВТ <+> Дравиньи  Красное Полусладкое 0,75": 24.175936982743725,
    "ЦВТ <+> РШ  Белое Полусладкое 0,2": 22.615670559874562,
    "ЦВТ <+> Дравиньи  Белое Экстра брют 0,75": 15.39619851423158,
    "ЦВТ <+> Дравиньи  Розовое Брют 0,75": 17.513158180946693,
    "ЦВТ <+> Дравиньи  Белое Полусладкое 0,75": 18.76145781268863,
    "ЦВТ <+> Дравиньи  Белое Полусухое 0,75": 11.69227422047416,
    "ЦВТ <+> Дравиньи  Розовое Брют 0,375": 31.388483690793603,
    "ЦВТ <+> РШ  Розовое Полусухое 0,2": 23.356145221055154,
    "ЦВТ <+> РШ  Белое Брют 0,2": 16.493761147271947,
    "ЦВТ <+> РШ  Белое Полусладкое 0,75": 26.762005652107657,
    "ЦВТ <+> РШ  Белое Брют 0,75": Infinity,
    "ЦВТ <+> РШ  Белое Полусухое 0,75": Infinity,
    "ЦВТ <+> РШ  Красное Полусладкое 0,75": Infinity,
    "ЦВТ <+> РШ  Розовое Полусухое 0,75": Infinity,
    "ЦВТ <+> Дравиньи  Белое Брют 0,75": 8.15345644976586,
    "ТД АБРАУ <+> Дравиньи  Белое Полусладкое 0,75": 45.776326650862224,
    "ТД АБРАУ <+> Дравиньи  Красное Полусладкое 0,75": Infinity,
    "ТД АБРАУ <+> Дравиньи  Белое Брют 0,75": 26.691951715592367,
    "ТД АБРАУ <+> Дравиньи  Розовое Брют 0,75": 33.38083268256694,
    "ТД АБРАУ <+> Дравиньи  Белое Полусухое 0,75": Infinity,
    "ТД АБРАУ <+> Дравиньи  Белое Экстра брют 0,75": Infinity,
    "ТД АБРАУ <+> РШ  Белое Полусладкое 0,2": Infinity,
    "ТД АБРАУ <+> РШ  Белое Брют 0,2": Infinity,
    "ТД АБРАУ <+> РШ  Розовое Полусухое 0,2": Infinity,
    "ТД АБРАУ <+> РШ  Белое Брют 0,75": 33.2615027452243,
    "ТД АБРАУ <+> РШ  Белое Полусладкое 0,75": Infinity,
    "ТД АБРАУ <+> РШ  Белое Полусухое 0,75": 19.285400759580114,
    "ТД АБРАУ <+> РШ  Розовое Полусухое 0,75": 44.28132095171248,
    "ТД АБРАУ <+> РШ  Красное Полусладкое 0,75": Infinity,
    "ТД АБРАУ ЮГ <+> РШ  Белое Брют 0,75": Infinity,
    "ТД АБРАУ ЮГ <+> РШ  Белое Полусладкое 0,75": Infinity,
    "ТД АБРАУ ЮГ <+> Дравиньи  Белое Полусладкое 0,75": Infinity,
    "ТД АБРАУ ЮГ <+> Дравиньи  Белое Брют 0,75": Infinity,
    "ТД АБРАУ ЮГ <+> Дравиньи  Розовое Брют 0,75": Infinity,
    "ТД АБРАУ ЮГ <+> Дравиньи  Белое Полусухое 0,75": Infinity,
    "ТД АБРАУ ЮГ <+> Дравиньи  Белое Экстра брют 0,75": Infinity,
    "ТД АБРАУ ЮГ <+> РШ  Белое Полусухое 0,75": Infinity,
    "ТД АБРАУ ЮГ <+> РШ  Красное Полусладкое 0,75": Infinity,
    "ТД АБРАУ ЮГ <+> Дравиньи  Красное Полусладкое 0,75": Infinity,
    "ТД АБРАУ ЮГ <+> РШ  Розовое Полусухое 0,75": Infinity,
    "ЦВТ <+> Дравиньи  Белое Брют 0,375": 27.040998616246338
}